<?xml version="1.0" encoding="UTF-8"?>
  <SupportAssistPrebootDiagnosticLog>
    <Schema>1.0.0</Schema>
    <LogNumber>23</LogNumber>
    <LogTimeStamp>10/14/2019 17:39:40</LogTimeStamp>
    <ePSA_Data>
      <Result>Not Reported</Result>
      <ReturnCode>BOOT_HOST_OS</ReturnCode>
      <DevicesTested>Memory, Hard Drive</DevicesTested>
      <ePSAFullVersion>4304.32</ePSAFullVersion>
      <ePSAInvocationCount>4</ePSAInvocationCount>
    </ePSA_Data>
    <BIOS_Data>
      <ErrorCategory>OS_BOOT_FAILURE</ErrorCategory>
      <SOS_Available>FALSE</SOS_Available>
      <TimeOutSeconds>0</TimeOutSeconds>
      <OSBootFailCount>2</OSBootFailCount>
    </BIOS_Data>
  </SupportAssistPrebootDiagnosticLog>
