<?xml version="1.0" encoding="UTF-8"?>
  <SupportAssistPrebootDiagnosticLog>
    <Schema>1.0.0</Schema>
    <LogNumber>17</LogNumber>
    <LogTimeStamp>04/05/2020 14:24:30</LogTimeStamp>
    <ePSA_Data>
      <Result>Abort</Result>
      <ReturnCode>BOOT_HOST_OS</ReturnCode>
      <DevicesTested>Memory, Hard Drive</DevicesTested>
      <ePSAFullVersion>4306.25</ePSAFullVersion>
      <ePSAInvocationCount>17</ePSAInvocationCount>
    </ePSA_Data>
    <BIOS_Data>
      <ErrorCategory>OS_BOOT_FAILURE</ErrorCategory>
      <Flags>SOS_AVAILABLE</Flags>
      <SOS_Available>TRUE</SOS_Available>
      <TimeOutSeconds>0</TimeOutSeconds>
      <OSBootFailCount>2</OSBootFailCount>
    </BIOS_Data>
  </SupportAssistPrebootDiagnosticLog>
