<?xml version="1.0" encoding="UTF-8"?>
  <SupportAssistPrebootDiagnosticLog>
    <Schema>1.0.0</Schema>
    <LogNumber>5</LogNumber>
    <LogTimeStamp>05/18/2021 00:49:54</LogTimeStamp>
    <ePSA_Data>
      <Result>Not Reported</Result>
      <ReturnCode>BOOT_HOST_OS</ReturnCode>
      <ePSAFullVersion>4400.18</ePSAFullVersion>
      <ePSAInvocationCount>5</ePSAInvocationCount>
    </ePSA_Data>
    <BIOS_Data>
      <ErrorCategory>DISPLAY_ONLY</ErrorCategory>
      <ErrorMessage><![CDATA[Your system has shutdown unexpectedly 3 times in a row. OC level has been reset to default as a precaution.]]></ErrorMessage>
      <SOS_Available>FALSE</SOS_Available>
      <TimeOutSeconds>0</TimeOutSeconds>
    </BIOS_Data>
  </SupportAssistPrebootDiagnosticLog>
